Player,pct_2P_2020,pct_0-3_2020,pct_3-10_2020,pct_10-16_2020,pct_16-3P_2020,pct_3P_2020,att_2P_2020,att_0-3_2020,att_3-10_2020,att_10-16_2020,att_16-3P_2020,att_3P_2020
Steven Adams,.994,.513,.397,.082,.002,.006,.594,.743,.416,.513,1.000,.333
Bam Adebayo,.982,.481,.301,.144,.056,.018,.564,.726,.445,.404,.227,.143
LaMarcus Aldridge,.802,.202,.129,.227,.245,.198,.519,.719,.471,.461,.433,.389
Kyle Alexander,1.000,1.000,.000,.000,.000,.000,.500,.500,,,,
Nickeil Alexander-Walker,.500,.244,.173,.053,.030,.500,.391,.523,.261,.214,.375,.346
Grayson Allen,.438,.151,.179,.104,.004,.562,.545,.711,.444,.500,.000,.404
Jarrett Allen,.987,.755,.211,.019,.002,.013,.658,.746,.367,.444,.000,.000
Kadeem Allen,.636,.159,.182,.227,.068,.364,.500,.571,.375,.600,.333,.313
Al-Farouq Aminu,.581,.267,.244,.000,.070,.419,.320,.435,.190,,.333,.250
Justin Anderson,.237,.211,.026,.000,.000,.763,.444,.375,1.000,,,.207
Kyle Anderson,.743,.260,.263,.136,.085,.257,.541,.663,.506,.400,.500,.282
Ryan Anderson,.286,.143,.000,.143,.000,.714,.500,.000,,1.000,,.200
Giannis Antetokounmpo,.763,.482,.160,.073,.048,.237,.631,.779,.343,.433,.400,.304
Kostas Antetokounmpo,1.000,1.000,.000,.000,.000,.000,1.000,1.000,,,,
Thanasis Antetokounmpo,.792,.667,.063,.063,.000,.208,.632,.656,.333,.667,,.000
Carmelo Anthony,.711,.193,.105,.238,.175,.289,.448,.530,.476,.419,.380,.385
OG Anunoby,.597,.452,.111,.025,.009,.403,.583,.680,.270,.357,.200,.390
Ryan Arcidiacono,.373,.150,.100,.100,.023,.627,.439,.606,.318,.318,.400,.391
Trevor Ariza,.361,.269,.065,.012,.015,.639,.556,.701,.190,.000,.000,.372
Trevor Ariza,.261,.188,.042,.012,.018,.739,.488,.677,.000,.000,.000,.352
Trevor Ariza,.465,.352,.088,.013,.013,.535,.595,.714,.286,.000,.000,.400
D.J. Augustin,.564,.197,.167,.121,.078,.436,.438,.571,.286,.500,.333,.348
Player,2P,0-3,3-10,10-16,16-3P,3P,2P,0-3,3-10,10-16,16-3P,3P
Deandre Ayton,.977,.461,.227,.188,.100,.023,.553,.725,.411,.393,.386,.231
Dwayne Bacon,.725,.320,.238,.107,.061,.275,.373,.449,.345,.231,.333,.284
Marvin Bagley III,.868,.431,.293,.060,.084,.132,.510,.681,.306,.200,.571,.182
Lonzo Ball,.425,.214,.083,.049,.079,.575,.442,.605,.246,.324,.278,.375
Mo Bamba,.626,.406,.126,.031,.063,.374,.531,.681,.194,.444,.278,.346
J.J. Barea,.589,.266,.150,.101,.072,.411,.434,.582,.290,.286,.400,.376
Harrison Barnes,.662,.294,.285,.058,.025,.338,.501,.691,.363,.304,.300,.381
RJ Barrett,.729,.392,.201,.065,.072,.271,.432,.568,.267,.277,.288,.320
Will Barton,.610,.286,.186,.079,.060,.390,.498,.616,.328,.414,.568,.375
Keita Bates-Diop,.560,.385,.128,.034,.013,.440,.504,.611,.300,.125,.333,.330
Keita Bates-Diop,.544,.354,.136,.039,.015,.456,.500,.644,.250,.125,.333,.330
Keita Bates-Diop,.679,.607,.071,.000,.000,.321,.526,.471,1.000,,,.333
Nicolas Batum,.395,.222,.012,.074,.086,.605,.438,.611,1.000,.333,.000,.286
Aron Baynes,.559,.333,.171,.039,.016,.441,.582,.638,.569,.333,.167,.351
Kent Bazemore,.543,.268,.139,.069,.067,.457,.400,.531,.243,.297,.306,.344
Kent Bazemore,.475,.212,.104,.083,.077,.525,.368,.464,.235,.259,.400,.327
Kent Bazemore,.649,.356,.192,.048,.053,.351,.437,.595,.250,.400,.091,.384
Darius Bazley,.555,.287,.196,.038,.035,.445,.432,.604,.226,.250,.364,.348
Bradley Beal,.631,.239,.141,.135,.115,.369,.515,.689,.397,.438,.387,.353
Malik Beasley,.483,.189,.129,.096,.069,.517,.465,.634,.261,.471,.378,.388
Malik Beasley,.465,.143,.130,.103,.090,.535,.421,.581,.231,.452,.407,.360
Malik Beasley,.506,.249,.129,.086,.043,.494,.517,.672,.300,.500,.300,.426
Marco Belinelli,.433,.086,.048,.048,.252,.567,.412,.667,.200,.333,.380,.376
Jordan Bell,.821,.627,.119,.045,.030,.179,.564,.643,.500,.000,.000,.333
Jordan Bell,.850,.683,.117,.050,.000,.150,.588,.634,.571,.000,,.222
Jordan Bell,.571,.143,.143,.000,.286,.429,.250,1.000,.000,,.000,.667
DeAndre' Bembry,.715,.469,.206,.031,.009,.285,.546,.607,.426,.571,.000,.231
Dragan Bender,.533,.272,.261,.000,.000,.467,.531,.680,.375,,,.349
Dragan Bender,.571,.476,.095,.000,.000,.429,.500,.600,.000,,,.444
Dragan Bender,.521,.211,.310,.000,.000,.479,.541,.733,.409,,,.324
Player,2P,0-3,3-10,10-16,16-3P,3P,2P,0-3,3-10,10-16,16-3P,3P
Dāvis Bertāns,.226,.097,.059,.034,.036,.774,.471,.644,.306,.429,.318,.424
Patrick Beverley,.396,.194,.147,.041,.015,.604,.496,.591,.460,.286,.200,.388
Khem Birch,.993,.476,.448,.063,.007,.007,.514,.706,.344,.222,1.000,.000
Goga Bitadze,.720,.267,.167,.140,.147,.280,.574,.775,.520,.333,.500,.190
Bismack Biyombo,1.000,.604,.320,.065,.011,.000,.543,.702,.315,.278,.000,
Nemanja Bjelica,.510,.253,.198,.031,.029,.490,.541,.630,.465,.450,.368,.419
Eric Bledsoe,.694,.337,.185,.098,.074,.306,.533,.709,.354,.362,.404,.344
Bogdan Bogdanović,.424,.121,.128,.099,.076,.576,.532,.677,.459,.434,.552,.372
Bojan Bogdanović,.511,.195,.207,.080,.029,.489,.479,.698,.361,.333,.259,.414
Bol Bol,.679,.321,.143,.179,.036,.321,.526,.778,.500,.200,.000,.444
Jonah Bolden,.636,.636,.000,.000,.000,.364,.571,.571,,,,.000
Jonah Bolden,.667,.667,.000,.000,.000,.333,1.000,1.000,,,,.000
Jonah Bolden,.625,.625,.000,.000,.000,.375,.400,.400,,,,.000
Marques Bolden,,,,,,,,,,,,
Jordan Bone,.500,.050,.150,.250,.050,.500,.300,1.000,.000,.400,.000,.200
Isaac Bonga,.697,.462,.179,.038,.017,.303,.571,.648,.476,.222,.250,.352
Devin Booker,.690,.228,.136,.213,.112,.310,.549,.720,.463,.487,.424,.354
Chris Boucher,.605,.468,.100,.017,.020,.395,.569,.621,.433,.200,.333,.322
Brian Bowen,.800,.400,.200,.100,.100,.200,.375,.250,1.000,.000,.000,.000
Ky Bowman,.667,.209,.159,.146,.153,.333,.472,.657,.314,.468,.388,.308
Avery Bradley,.548,.170,.091,.076,.211,.452,.510,.646,.429,.448,.457,.364
Tony Bradley,.984,.762,.201,.016,.005,.016,.661,.743,.368,.667,.000,1.000
Player,2P,0-3,3-10,10-16,16-3P,3P,2P,0-3,3-10,10-16,16-3P,3P
Jarrell Brantley,.536,.286,.214,.036,.000,.464,.467,.750,.167,.000,,.231
Ignas Brazdeikis,.591,.273,.136,.045,.136,.409,.385,.833,.000,.000,.000,.111
Corey Brewer,.750,.500,.250,.000,.000,.250,.667,1.000,.000,,,.000
Mikal Bridges,.599,.386,.122,.062,.029,.401,.610,.749,.339,.367,.429,.361
Miles Bridges,.602,.308,.226,.050,.017,.398,.486,.621,.335,.316,.538,.330
Oshae Brissett,.583,.389,.167,.028,.000,.417,.476,.714,.000,.000,,.200
Ryan Broekhoff,.136,.068,.034,.034,.000,.864,.250,.250,.500,.000,,.392
Malcolm Brogdon,.691,.325,.087,.099,.179,.309,.488,.533,.308,.541,.466,.326
Dillon Brooks,.615,.169,.155,.174,.117,.385,.438,.528,.380,.435,.392,.358
Bruce Brown,.785,.391,.347,.036,.011,.215,.470,.600,.355,.250,.200,.344
Charlie Brown Jr.,.526,.263,.211,.053,.000,.474,.300,.200,.500,.000,,.333
Jaylen Brown,.619,.269,.194,.090,.065,.381,.543,.703,.407,.488,.362,.382
Moses Brown,1.000,.800,.200,.000,.000,.000,.400,.375,.500,,,
Sterling Brown,.469,.227,.125,.063,.055,.531,.425,.569,.313,.375,.143,.324
Troy Brown Jr.,.712,.272,.195,.108,.138,.288,.479,.680,.355,.343,.360,.341
Jalen Brunson,.691,.178,.258,.139,.116,.309,.515,.623,.500,.500,.400,.358
Thomas Bryant,.782,.411,.134,.093,.144,.218,.630,.785,.518,.462,.400,.407
Reggie Bullock,.504,.161,.071,.076,.196,.496,.469,.694,.188,.412,.409,.333
Trey Burke,.641,.244,.110,.124,.163,.359,.463,.549,.348,.577,.324,.427
Trey Burke,.701,.252,.118,.134,.197,.299,.483,.688,.200,.588,.320,.421
Trey Burke,.549,.232,.098,.110,.110,.451,.422,.316,.625,.556,.333,.432
Alec Burks,.608,.201,.164,.130,.113,.392,.439,.565,.341,.420,.379,.385
Alec Burks,.627,.213,.168,.128,.118,.373,.424,.516,.347,.390,.408,.375
Alec Burks,.539,.156,.150,.138,.096,.461,.500,.808,.320,.522,.250,.416
Player,2P,0-3,3-10,10-16,16-3P,3P,2P,0-3,3-10,10-16,16-3P,3P
Deonte Burton,.576,.352,.136,.024,.064,.424,.458,.614,.235,.000,.250,.189
Jimmy Butler,.843,.340,.257,.150,.095,.157,.495,.655,.426,.386,.278,.244
Bruno Caboclo,.629,.427,.146,.000,.056,.371,.571,.658,.385,,.400,.182
Bruno Caboclo,.638,.435,.145,.000,.058,.362,.545,.633,.300,,.500,.160
Bruno Caboclo,.600,.400,.150,.000,.050,.400,.667,.750,.667,,.000,.250
Devontae Cacok,1.000,.333,.667,.000,.000,.000,.500,.000,.750,,,
Kentavious Caldwell-Pope,.529,.254,.071,.091,.112,.471,.541,.651,.528,.391,.421,.385
Vlatko Čančar,.600,.400,.133,.000,.067,.400,.556,.667,.500,,.000,.167
Clint Capela,1.000,.760,.232,.008,.000,.000,.629,.722,.333,.333,,
DeMarre Carroll,.500,.242,.167,.091,.000,.500,.515,.563,.364,.667,,.242
DeMarre Carroll,.552,.207,.276,.069,.000,.448,.375,.333,.250,1.000,,.231
DeMarre Carroll,.459,.270,.081,.108,.000,.541,.647,.700,.667,.500,,.250
Jevon Carter,.399,.152,.082,.062,.103,.601,.402,.486,.200,.400,.440,.425
Vince Carter,.336,.079,.082,.102,.072,.664,.451,.417,.560,.419,.409,.302
Wendell Carter Jr.,.915,.571,.204,.096,.044,.085,.564,.694,.286,.515,.267,.207
Michael Carter-Williams,.712,.335,.277,.077,.023,.288,.481,.586,.431,.350,.000,.293
Alex Caruso,.588,.326,.134,.082,.045,.412,.468,.684,.205,.167,.231,.333
Willie Cauley-Stein,.997,.560,.238,.093,.106,.003,.581,.787,.389,.286,.188,.000
Willie Cauley-Stein,1.000,.533,.249,.101,.117,.000,.560,.774,.391,.308,.167,
Willie Cauley-Stein,.978,.711,.178,.044,.044,.022,.705,.844,.375,.000,.500,.000
Tyson Chandler,1.000,1.000,.000,.000,.000,.000,.778,.778,,,,
Wilson Chandler,.339,.098,.164,.038,.038,.661,.597,.722,.533,.286,.857,.306
Joe Chealey,.429,.000,.429,.000,.000,.571,.000,,.000,,,.000
Zylan Cheatham,.889,.667,.111,.111,.000,.111,.750,1.000,.000,.000,,.000
Chris Chiozza,.486,.236,.136,.071,.043,.514,.412,.485,.368,.400,.167,.375
Chris Chiozza,.529,.147,.206,.088,.088,.471,.167,.400,.143,.000,.000,.438
Chris Chiozza,.472,.264,.113,.066,.028,.528,.500,.500,.500,.571,.333,.357
Marquese Chriss,.899,.613,.223,.029,.034,.101,.584,.674,.395,.364,.385,.205
Player,2P,0-3,3-10,10-16,16-3P,3P,2P,0-3,3-10,10-16,16-3P,3P
Gary Clark,.165,.105,.038,.015,.008,.835,.682,.786,.400,.500,1.000,.351
Gary Clark,.136,.102,.017,.017,.000,.864,.625,.833,.000,.000,,.353
Gary Clark,.189,.108,.054,.014,.014,.811,.714,.750,.500,1.000,1.000,.350
Brandon Clarke,.866,.470,.215,.148,.033,.134,.658,.773,.524,.549,.375,.359
Jordan Clarkson,.524,.194,.220,.083,.027,.476,.533,.702,.482,.333,.348,.368
Jordan Clarkson,.512,.233,.172,.080,.028,.488,.509,.658,.429,.269,.444,.371
Jordan Clarkson,.530,.170,.250,.085,.026,.470,.547,.739,.504,.370,.286,.366
Nic Claxton,.854,.521,.292,.021,.021,.146,.634,.800,.357,1.000,.000,.143
Chris Clemons,.246,.176,.021,.028,.021,.754,.571,.600,.667,.500,.333,.346
Antonius Cleveland,.786,.429,.214,.071,.071,.214,.364,.333,.667,.000,.000,.000
Amir Coffey,.648,.315,.148,.130,.056,.352,.486,.588,.250,.571,.333,.316
John Collins,.757,.469,.185,.068,.035,.243,.642,.768,.473,.293,.524,.401
Zach Collins,.721,.441,.206,.044,.029,.279,.510,.633,.286,.333,.500,.368
Mike Conley,.549,.134,.203,.138,.074,.451,.437,.566,.391,.359,.476,.375
Pat Connaughton,.449,.349,.063,.013,.023,.551,.607,.705,.368,.250,.000,.331
Quinn Cook,.603,.192,.145,.089,.178,.397,.465,.610,.290,.632,.368,.365
Tyler Cook,1.000,.833,.083,.083,.000,.000,.667,.600,1.000,1.000,,
Tyler Cook,1.000,.800,.100,.100,.000,.000,.700,.625,1.000,1.000,,
Tyler Cook,1.000,1.000,.000,.000,.000,.000,.500,.500,,,,
Robert Covington,.336,.217,.087,.012,.019,.664,.593,.675,.429,.444,.500,.335
Robert Covington,.371,.232,.097,.018,.024,.629,.587,.661,.479,.444,.417,.346
Robert Covington,.260,.185,.066,.000,.009,.740,.610,.714,.267,,1.000,.315
Allen Crabbe,.328,.068,.085,.096,.079,.672,.466,.750,.333,.412,.429,.303
Allen Crabbe,.350,.063,.091,.112,.084,.650,.440,.667,.308,.375,.500,.323
Allen Crabbe,.235,.088,.059,.029,.059,.765,.625,1.000,.500,1.000,.000,.231
Torrey Craig,.487,.342,.074,.041,.030,.513,.603,.739,.300,.182,.375,.326
Jamal Crawford,.500,.000,.000,.000,.500,.500,.500,,,,.500,.500
Jae Crowder,.300,.187,.044,.020,.050,.700,.538,.648,.360,.273,.393,.343
Jae Crowder,.333,.203,.050,.023,.058,.667,.519,.642,.300,.111,.435,.293
Jae Crowder,.220,.146,.030,.012,.030,.780,.611,.667,.600,1.000,.200,.445
Jarrett Culver,.612,.380,.186,.030,.016,.388,.471,.583,.274,.412,.222,.299
Seth Curry,.441,.091,.129,.105,.117,.559,.549,.712,.446,.550,.537,.452
Player,2P,0-3,3-10,10-16,16-3P,3P,2P,0-3,3-10,10-16,16-3P,3P
Stephen Curry,.402,.207,.061,.012,.122,.598,.636,.706,.400,1.000,.600,.245
Troy Daniels,.290,.054,.065,.065,.108,.710,.481,.700,.500,.500,.350,.348
Troy Daniels,.291,.063,.070,.070,.089,.709,.478,.700,.545,.455,.286,.357
Troy Daniels,.286,.000,.036,.036,.214,.714,.500,,.000,1.000,.500,.300
Anthony Davis,.801,.343,.172,.155,.130,.199,.546,.758,.413,.412,.322,.330
Ed Davis,1.000,.609,.370,.000,.022,.000,.478,.607,.235,,1.000,
Terence Davis,.445,.305,.089,.037,.014,.555,.541,.677,.282,.188,.167,.388
Dewayne Dedmon,.580,.325,.153,.047,.055,.420,.541,.675,.333,.417,.429,.206
Dewayne Dedmon,.585,.304,.181,.035,.064,.415,.550,.692,.355,.500,.455,.197
Dewayne Dedmon,.571,.369,.095,.071,.036,.429,.521,.645,.250,.333,.333,.222
Matthew Dellavedova,.480,.137,.229,.103,.011,.520,.488,.542,.400,.611,.500,.231
DeMar DeRozan,.967,.266,.248,.263,.190,.033,.540,.731,.488,.475,.432,.257
Cheick Diallo,.979,.613,.190,.099,.077,.021,.655,.770,.444,.571,.364,.333
Hamidou Diallo,.807,.470,.223,.071,.044,.193,.485,.633,.242,.333,.385,.281
Gorgui Dieng,.582,.297,.102,.077,.107,.418,.528,.676,.324,.393,.410,.355
Gorgui Dieng,.567,.300,.087,.069,.112,.433,.497,.602,.292,.421,.419,.383
Gorgui Dieng,.632,.287,.149,.103,.092,.368,.618,.920,.385,.333,.375,.250
Spencer Dinwiddie,.608,.310,.191,.078,.028,.392,.485,.637,.354,.263,.310,.308
Donte DiVincenzo,.516,.341,.084,.039,.051,.484,.567,.655,.302,.450,.500,.336
Luka Dončić,.569,.260,.237,.058,.014,.431,.574,.752,.436,.370,.471,.316
Luguentz Dort,.537,.372,.142,.023,.000,.463,.479,.605,.226,.000,,.297
Damyean Dotson,.438,.128,.055,.062,.193,.562,.480,.676,.250,.389,.446,.362
Sekou Doumbouya,.585,.326,.195,.030,.034,.415,.464,.545,.391,.286,.250,.286
PJ Dozier,.688,.197,.197,.185,.108,.312,.444,.677,.258,.414,.412,.347
Goran Dragić,.533,.182,.152,.106,.093,.467,.505,.697,.391,.338,.507,.367
Andre Drummond,.955,.589,.334,.027,.005,.045,.551,.662,.393,.190,.000,.143
Andre Drummond,.969,.580,.355,.028,.006,.031,.546,.665,.390,.158,.000,.048
Andre Drummond,.867,.648,.200,.019,.000,.133,.593,.647,.429,.500,,.286
Player,2P,0-3,3-10,10-16,16-3P,3P,2P,0-3,3-10,10-16,16-3P,3P
Jared Dudley,.300,.167,.067,.000,.067,.700,.333,.300,.500,,.250,.429
Kris Dunn,.673,.398,.187,.056,.032,.327,.535,.647,.438,.263,.182,.259
Carsen Edwards,.406,.141,.070,.063,.133,.594,.346,.389,.000,.250,.529,.316
Henry Ellenson,.429,.286,.143,.000,.000,.571,.333,.500,.000,,,.000
Wayne Ellington,.178,.046,.029,.006,.098,.822,.355,.750,.000,1.000,.235,.350
Joel Embiid,.785,.255,.195,.202,.134,.215,.517,.725,.468,.407,.355,.331
James Ennis III,.529,.373,.089,.039,.028,.471,.553,.649,.313,.286,.400,.325
James Ennis III,.531,.381,.097,.027,.027,.469,.525,.651,.182,.000,.500,.349
James Ennis III,.526,.361,.075,.060,.030,.474,.600,.646,.600,.500,.250,.286
Drew Eubanks,.985,.478,.403,.060,.045,.015,.636,.750,.556,.500,.333,1.000
Jacob Evans,.709,.119,.104,.194,.291,.291,.337,.375,.214,.385,.333,.333
Jacob Evans,.714,.120,.105,.195,.293,.286,.337,.375,.214,.385,.333,.342
Jacob Evans,.000,.000,.000,.000,.000,1.000,,,,,,.000
Dante Exum,.639,.378,.252,.008,.000,.361,.539,.644,.367,1.000,,.349
Dante Exum,.739,.261,.435,.043,.000,.261,.471,.500,.400,1.000,,.333
Dante Exum,.615,.406,.208,.000,.000,.385,.559,.667,.350,,,.351
Tacko Fall,1.000,.643,.357,.000,.000,.000,.786,.889,.600,,,
Derrick Favors,.979,.681,.192,.074,.032,.021,.627,.706,.462,.440,.364,.143
Cristiano Felício,.963,.667,.222,.056,.019,.037,.654,.750,.500,.333,.000,.000
Terrance Ferguson,.236,.123,.050,.014,.050,.764,.558,.630,.364,.667,.545,.292
Bruno Fernando,.814,.578,.186,.040,.010,.186,.605,.713,.297,.625,.000,.135
Yogi Ferrell,.580,.149,.053,.186,.191,.420,.505,.571,.200,.514,.528,.304
Dorian Finney-Smith,.420,.326,.069,.006,.019,.580,.589,.659,.361,.333,.300,.376
Bryn Forbes,.344,.069,.081,.048,.146,.656,.470,.675,.404,.393,.435,.388
Evan Fournier,.533,.174,.147,.104,.107,.467,.527,.691,.474,.381,.475,.399
De'Aaron Fox,.773,.312,.266,.135,.060,.227,.535,.665,.452,.391,.551,.292
Player,2P,0-3,3-10,10-16,16-3P,3P,2P,0-3,3-10,10-16,16-3P,3P
Melvin Frazier,.529,.206,.118,.118,.088,.471,.389,.714,.000,.250,.333,.500
Michael Frazier,.207,.172,.034,.000,.000,.793,.500,.600,.000,,,.174
Tim Frazier,.681,.149,.213,.106,.213,.319,.375,.571,.350,.300,.300,.333
Enes Freedom,.980,.661,.270,.017,.032,.020,.581,.639,.479,.167,.455,.143
Markelle Fultz,.825,.335,.194,.194,.101,.175,.507,.645,.420,.380,.462,.267
Wenyen Gabriel,.583,.417,.146,.021,.000,.417,.536,.700,.000,1.000,,.300
Wenyen Gabriel,.529,.294,.235,.000,.000,.471,.556,1.000,.000,,,.125
Wenyen Gabriel,.613,.484,.097,.032,.000,.387,.526,.600,.000,1.000,,.417
Daniel Gafford,1.000,.828,.164,.007,.000,.000,.701,.766,.409,.000,,
Danilo Gallinari,.463,.152,.097,.081,.133,.537,.476,.645,.278,.424,.459,.405
Langston Galloway,.389,.109,.137,.076,.068,.611,.493,.678,.392,.439,.459,.399
Darius Garland,.577,.180,.153,.149,.094,.423,.434,.468,.439,.423,.379,.355
Marc Gasol,.470,.125,.179,.115,.050,.530,.473,.629,.540,.375,.071,.385
Rudy Gay,.631,.168,.156,.193,.114,.369,.511,.720,.366,.470,.471,.336
Paul George,.513,.150,.125,.113,.125,.487,.464,.684,.357,.409,.357,.412
Taj Gibson,.951,.577,.136,.080,.157,.049,.599,.703,.436,.478,.422,.286
Harry Giles,.992,.402,.259,.167,.163,.008,.558,.802,.369,.429,.390,.000
Shai Gilgeous-Alexander,.753,.286,.263,.136,.068,.247,.512,.617,.404,.500,.507,.347
Rudy Gobert,1.000,.837,.158,.005,.000,.000,.693,.755,.386,.000,,
Brandon Goodwin,.542,.205,.184,.116,.037,.458,.485,.641,.371,.409,.429,.299
Aaron Gordon,.691,.326,.126,.150,.089,.309,.494,.704,.361,.348,.162,.308
Eric Gordon,.346,.201,.112,.019,.013,.654,.469,.559,.385,.333,.000,.317
Player,2P,0-3,3-10,10-16,16-3P,3P,2P,0-3,3-10,10-16,16-3P,3P
Devonte' Graham,.393,.132,.110,.074,.077,.607,.397,.543,.274,.352,.365,.373
Treveon Graham,.504,.256,.211,.029,.008,.496,.443,.484,.392,.571,.000,.275
Treveon Graham,.526,.297,.206,.023,.000,.474,.457,.481,.389,.750,,.241
Treveon Graham,.448,.149,.224,.045,.030,.552,.400,.500,.400,.333,.000,.351
Jerami Grant,.603,.306,.164,.069,.063,.397,.537,.686,.413,.409,.275,.389
Jerian Grant,.704,.259,.259,.111,.074,.296,.421,.571,.286,.333,.500,.250
Josh Gray,1.000,1.000,.000,.000,.000,.000,.500,.500,,,,
Danny Green,.310,.135,.074,.055,.046,.690,.524,.672,.486,.462,.227,.367
Draymond Green,.592,.231,.184,.092,.085,.408,.465,.685,.310,.414,.259,.279
JaMychal Green,.324,.205,.085,.014,.020,.676,.518,.611,.333,.600,.286,.387
Javonte Green,.738,.468,.230,.032,.008,.262,.581,.661,.414,.500,1.000,.273
Jeff Green,.468,.265,.160,.026,.017,.532,.602,.747,.436,.333,.333,.339
Jeff Green,.467,.200,.200,.041,.026,.533,.451,.564,.410,.250,.200,.327
Jeff Green,.470,.349,.107,.007,.007,.530,.800,.885,.500,1.000,1.000,.354
Blake Griffin,.556,.276,.212,.036,.032,.444,.439,.565,.358,.222,.125,.243
Marko Guduric,.471,.242,.108,.032,.089,.529,.500,.605,.412,.200,.429,.301
Kyle Guy,.400,.200,.000,.000,.200,.600,1.000,1.000,,,1.000,.000
Rui Hachimura,.840,.343,.196,.160,.141,.160,.500,.684,.327,.379,.429,.287
Devon Hall,.433,.133,.167,.100,.033,.567,.154,.500,.000,.000,.000,.235
Donta Hall,1.000,.818,.136,.045,.000,.000,.682,.722,.667,.000,,
Donta Hall,1.000,1.000,.000,.000,.000,.000,.250,.250,,,,
Donta Hall,1.000,.778,.167,.056,.000,.000,.778,.857,.667,.000,,
Dusty Hannahs,.667,.111,.444,.000,.111,.333,.333,1.000,.250,,.000,.667
Tim Hardaway Jr.,.420,.131,.110,.080,.098,.580,.485,.612,.351,.507,.448,.398
James Harden,.443,.243,.177,.018,.005,.557,.556,.668,.414,.444,.500,.355
Maurice Harkless,.654,.519,.095,.014,.025,.346,.584,.667,.222,.500,.286,.347
Maurice Harkless,.664,.535,.097,.009,.023,.336,.590,.664,.286,.500,.200,.370
Maurice Harkless,.621,.470,.091,.030,.030,.379,.561,.677,.000,.500,.500,.280
Player,2P,0-3,3-10,10-16,16-3P,3P,2P,0-3,3-10,10-16,16-3P,3P
Jared Harper,.500,.000,.500,.000,.000,.500,.500,,.500,,,.000
Montrezl Harrell,.978,.610,.305,.046,.017,.022,.593,.705,.440,.297,.143,.000
Gary Harris,.595,.291,.148,.081,.075,.405,.479,.649,.234,.286,.513,.333
Joe Harris,.482,.290,.111,.029,.052,.518,.553,.652,.356,.478,.463,.424
Tobias Harris,.696,.229,.214,.157,.095,.304,.517,.662,.482,.467,.330,.367
Shaquille Harrison,.745,.515,.170,.048,.012,.255,.496,.576,.286,.500,.000,.381
Josh Hart,.335,.211,.073,.038,.013,.665,.584,.688,.538,.250,.143,.342
Isaiah Hartenstein,.925,.716,.179,.030,.000,.075,.710,.792,.417,.500,,.000
Udonis Haslem,.727,.364,.273,.000,.091,.273,.375,.250,.667,,.000,.333
Jaxson Hayes,.985,.838,.124,.023,.000,.015,.678,.751,.250,.333,,.250
Gordon Hayward,.683,.213,.186,.171,.113,.317,.554,.752,.446,.492,.456,.383
John Henson,.789,.462,.310,.006,.012,.211,.644,.785,.453,1.000,.000,.222
John Henson,.742,.433,.283,.008,.017,.258,.618,.769,.412,1.000,.000,.194
John Henson,.902,.529,.373,.000,.000,.098,.696,.815,.526,,,.400
Dewan Hernandez,.857,.643,.214,.000,.000,.143,.333,.222,.667,,,.500
Juancho Hernangómez,.478,.352,.097,.020,.008,.522,.475,.575,.167,.400,.000,.341
Juancho Hernangómez,.455,.318,.091,.036,.009,.545,.460,.543,.200,.500,.000,.250
Juancho Hernangómez,.496,.380,.102,.007,.007,.504,.485,.596,.143,.000,.000,.420
Willy Hernangómez,.842,.489,.273,.058,.022,.158,.590,.706,.447,.375,.333,.227
Tyler Herro,.528,.122,.106,.116,.184,.472,.462,.584,.433,.425,.422,.389
Kevin Hervey,.259,.074,.037,.037,.111,.741,.571,1.000,.000,.000,.667,.150
Mario Hezonja,.642,.330,.165,.078,.069,.358,.486,.500,.528,.471,.333,.308
Buddy Hield,.408,.130,.078,.082,.118,.592,.479,.675,.352,.400,.401,.394
George Hill,.532,.301,.112,.059,.061,.468,.565,.761,.214,.364,.435,.460
Player,2P,0-3,3-10,10-16,16-3P,3P,2P,0-3,3-10,10-16,16-3P,3P
Solomon Hill,.385,.147,.147,.032,.058,.615,.439,.463,.415,.333,.500,.368
Solomon Hill,.369,.146,.133,.034,.056,.631,.465,.500,.419,.375,.538,.381
Solomon Hill,.467,.156,.222,.022,.067,.533,.333,.286,.400,.000,.333,.292
Jaylen Hoard,.906,.625,.156,.094,.031,.094,.517,.750,.000,.000,.000,.000
Aaron Holiday,.607,.215,.178,.110,.105,.393,.427,.570,.330,.323,.407,.394
Jrue Holiday,.656,.337,.214,.070,.036,.344,.509,.628,.372,.486,.250,.353
Justin Holiday,.319,.160,.047,.045,.066,.681,.477,.590,.261,.364,.438,.405
Rondae Hollis-Jefferson,.930,.657,.191,.061,.021,.070,.497,.569,.302,.450,.143,.130
Richaun Holmes,1.000,.570,.270,.137,.023,.000,.648,.750,.473,.638,.250,
Rodney Hood,.587,.116,.163,.186,.122,.413,.515,.800,.286,.500,.571,.493
Al Horford,.601,.189,.178,.111,.123,.399,.516,.746,.381,.456,.414,.350
Talen Horton-Tucker,.567,.300,.233,.033,.000,.433,.588,.778,.429,.000,,.308
Danuel House Jr.,.341,.243,.065,.024,.009,.659,.549,.679,.200,.308,.200,.363
Dwight Howard,.982,.794,.181,.000,.007,.018,.732,.814,.380,,.500,.600
William Howard,.000,.000,.000,.000,.000,1.000,,,,,,.000
Kevin Huerter,.452,.139,.118,.121,.074,.548,.453,.576,.417,.419,.333,.380
De'Andre Hunter,.555,.225,.133,.085,.111,.445,.454,.591,.297,.379,.421,.355
Chandler Hutchison,.783,.509,.229,.040,.006,.217,.496,.607,.300,.286,.000,.316
Serge Ibaka,.728,.240,.264,.110,.113,.272,.559,.764,.492,.459,.382,.385
Andre Iguodala,.466,.261,.068,.068,.068,.534,.585,.739,.333,.167,.667,.298
Ersan İlyasova,.562,.300,.163,.061,.038,.438,.545,.649,.373,.474,.583,.365
Joe Ingles,.362,.130,.156,.056,.020,.638,.525,.736,.384,.484,.364,.399
Player,2P,0-3,3-10,10-16,16-3P,3P,2P,0-3,3-10,10-16,16-3P,3P
Brandon Ingram,.650,.248,.128,.167,.107,.350,.501,.654,.371,.421,.427,.391
Kyrie Irving,.659,.190,.173,.195,.101,.341,.522,.671,.444,.506,.405,.394
Jonathan Isaac,.717,.361,.099,.151,.105,.283,.521,.667,.364,.360,.400,.340
Wes Iwundu,.648,.240,.146,.116,.146,.352,.457,.643,.353,.333,.353,.341
Frank Jackson,.565,.233,.160,.106,.066,.435,.465,.558,.377,.486,.318,.326
Jaren Jackson Jr.,.511,.236,.232,.031,.012,.489,.540,.708,.406,.391,.222,.394
Josh Jackson,.547,.258,.208,.044,.038,.453,.540,.780,.333,.143,.500,.319
Justin Jackson,.522,.199,.196,.111,.015,.478,.489,.559,.507,.342,.400,.294
Reggie Jackson,.555,.175,.227,.101,.052,.445,.425,.561,.378,.333,.353,.393
Reggie Jackson,.586,.162,.237,.126,.061,.414,.388,.531,.362,.320,.250,.378
Reggie Jackson,.508,.195,.211,.063,.039,.492,.492,.600,.407,.375,.600,.413
Justin James,.655,.226,.190,.119,.119,.345,.473,.737,.313,.500,.200,.310
LeBron James,.674,.365,.139,.073,.097,.326,.564,.727,.409,.337,.341,.348
Amile Jefferson,1.000,.286,.500,.143,.071,.000,.357,.250,.429,.500,.000,
DaQuan Jeffries,.550,.250,.225,.025,.050,.450,.682,.900,.556,1.000,.000,.278
Ty Jerome,.558,.133,.230,.150,.044,.442,.381,.533,.308,.353,.400,.280
Alize Johnson,.724,.448,.207,.069,.000,.276,.429,.615,.167,.000,,.375
B.J. Johnson,.719,.219,.125,.125,.250,.281,.261,.571,.000,.250,.125,.333
Cameron Johnson,.328,.188,.044,.054,.042,.672,.526,.711,.167,.364,.294,.390
James Johnson,.577,.372,.153,.042,.009,.423,.565,.713,.303,.222,.500,.363
James Johnson,.483,.310,.161,.011,.000,.517,.548,.741,.143,1.000,,.356
James Johnson,.641,.414,.148,.063,.016,.359,.573,.698,.421,.125,.500,.370
Keldon Johnson,.753,.427,.191,.079,.056,.247,.597,.711,.471,.286,.600,.591
Stanley Johnson,.593,.305,.169,.051,.068,.407,.429,.611,.300,.000,.250,.292
Player,2P,0-3,3-10,10-16,16-3P,3P,2P,0-3,3-10,10-16,16-3P,3P
Tyler Johnson,.524,.144,.112,.092,.176,.476,.450,.556,.286,.478,.455,.319
Tyler Johnson,.515,.164,.105,.105,.140,.485,.466,.571,.389,.500,.375,.289
Tyler Johnson,.544,.101,.127,.063,.253,.456,.419,.500,.100,.400,.550,.389
Nikola Jokić,.762,.237,.275,.143,.107,.238,.594,.724,.599,.490,.435,.314
Damian Jones,.949,.815,.107,.006,.022,.051,.704,.759,.421,.000,.250,.222
Derrick Jones Jr.,.622,.490,.112,.011,.009,.378,.677,.737,.487,.250,.333,.280
Tyus Jones,.711,.175,.242,.198,.096,.289,.492,.653,.423,.435,.488,.379
DeAndre Jordan,1.000,.836,.150,.007,.007,.000,.666,.729,.349,.000,.500,
Cory Joseph,.614,.158,.201,.131,.124,.386,.455,.677,.410,.315,.392,.352
Mfiondu Kabengele,.375,.188,.125,.063,.000,.625,.417,.833,.000,.000,,.450
Frank Kaminsky,.596,.293,.195,.065,.042,.404,.530,.600,.550,.350,.231,.331
Luke Kennard,.465,.126,.117,.111,.111,.535,.491,.721,.425,.342,.447,.399
Stanton Kidd,.667,.000,.667,.000,.000,.333,.000,,.000,,,.000
Michael Kidd-Gilchrist,.697,.212,.333,.045,.106,.303,.370,.500,.364,.333,.143,.250
Michael Kidd-Gilchrist,.679,.226,.302,.057,.094,.321,.361,.500,.375,.333,.000,.294
Michael Kidd-Gilchrist,.769,.154,.462,.000,.154,.231,.400,.500,.333,,.500,.000
Louis King,.476,.143,.190,.143,.000,.524,.400,.333,.750,.000,,.364
Maxi Kleber,.379,.276,.066,.027,.010,.621,.605,.669,.471,.357,.400,.373
Brandon Knight,.216,.066,.066,.078,.006,.784,.389,.364,.273,.538,.000,.344
Brandon Knight,.256,.070,.070,.105,.012,.744,.409,.500,.167,.556,.000,.297
Brandon Knight,.173,.062,.062,.049,.000,.827,.357,.200,.400,.500,,.388
Kevin Knox,.504,.195,.125,.082,.102,.496,.391,.564,.260,.333,.268,.327
John Konchar,.730,.541,.135,.054,.000,.270,.704,.750,.600,.500,,.500
Furkan Korkmaz,.368,.110,.123,.078,.057,.632,.478,.677,.377,.432,.375,.402
Luke Kornet,.422,.289,.102,.021,.011,.578,.646,.741,.474,.500,.000,.287
Kyle Korver,.191,.038,.017,.031,.106,.809,.482,.455,.200,.556,.516,.418
Player,2P,0-3,3-10,10-16,16-3P,3P,2P,0-3,3-10,10-16,16-3P,3P
Rodions Kurucs,.492,.350,.124,.011,.006,.508,.529,.645,.273,.000,.000,.367
Kyle Kuzma,.593,.193,.226,.078,.096,.407,.518,.783,.411,.385,.344,.316
Skal Labissière,.912,.374,.279,.177,.082,.088,.582,.673,.463,.615,.500,.231
Jeremy Lamb,.670,.194,.146,.146,.184,.330,.508,.624,.457,.543,.398,.335
Romeo Langford,.663,.338,.275,.038,.013,.338,.434,.556,.273,.667,.000,.185
Zach LaVine,.596,.374,.083,.048,.093,.404,.497,.623,.182,.228,.405,.380
Vic Law,.611,.111,.167,.111,.222,.389,.455,.000,.667,1.000,.250,.143
Jake Layman,.598,.352,.140,.039,.067,.402,.533,.635,.280,.571,.500,.333
T.J. Leaf,.791,.500,.209,.070,.012,.209,.456,.581,.278,.167,.000,.278
Jalen Lecque,.600,.400,.000,.100,.100,.400,.667,.750,,1.000,.000,.000
Courtney Lee,.427,.171,.134,.024,.098,.573,.543,.714,.545,.000,.375,.447
Damion Lee,.532,.145,.151,.139,.098,.468,.471,.662,.403,.465,.300,.356
Alex Len,.815,.555,.197,.056,.006,.185,.619,.695,.492,.333,.500,.271
Alex Len,.785,.538,.185,.054,.008,.215,.627,.693,.521,.357,.500,.250
Alex Len,.949,.627,.254,.068,.000,.051,.589,.703,.400,.250,,.667
Kawhi Leonard,.713,.167,.174,.226,.147,.287,.506,.698,.452,.445,.446,.378
Meyers Leonard,.453,.235,.141,.060,.017,.547,.623,.818,.515,.143,.500,.414
Caris LeVert,.699,.239,.253,.160,.048,.301,.451,.606,.341,.427,.343,.364
Damian Lillard,.500,.295,.079,.062,.064,.500,.524,.618,.311,.405,.471,.401
Nassir Little,.609,.397,.166,.033,.013,.391,.554,.667,.400,.200,.000,.237
Kevon Looney,.823,.380,.253,.063,.127,.177,.431,.700,.200,.400,.100,.071
Brook Lopez,.516,.227,.183,.091,.015,.484,.549,.697,.423,.459,.400,.314
Player,2P,0-3,3-10,10-16,16-3P,3P,2P,0-3,3-10,10-16,16-3P,3P
Robin Lopez,.649,.254,.351,.037,.007,.351,.577,.684,.486,.636,1.000,.333
Kevin Love,.464,.133,.116,.111,.103,.536,.537,.660,.393,.605,.467,.374
Kyle Lowry,.420,.213,.093,.044,.070,.580,.504,.643,.347,.400,.357,.352
Timothé Luwawu-Cabarrot,.405,.279,.082,.022,.022,.595,.505,.587,.273,.333,.500,.388
Trey Lyles,.510,.265,.108,.070,.067,.490,.503,.637,.270,.542,.304,.387
Daryl Macon,.333,.000,.000,.000,.333,.667,.000,,,,.000,.500
J.P. Macura,,,,,,,,,,,,
Josh Magette,.733,.067,.267,.200,.200,.267,.364,1.000,.500,.333,.000,.250
Ian Mahinmi,.876,.481,.352,.029,.014,.124,.538,.683,.351,.333,.667,.192
Thon Maker,.668,.332,.223,.057,.057,.332,.550,.734,.349,.455,.364,.344
Terance Mann,.747,.367,.228,.127,.025,.253,.508,.690,.389,.300,.000,.350
Boban Marjanović,.919,.460,.318,.100,.043,.081,.603,.825,.388,.333,.444,.235
Lauri Markkanen,.464,.274,.149,.027,.014,.536,.518,.648,.341,.313,.250,.344
Caleb Martin,.560,.393,.060,.000,.107,.440,.362,.424,.200,,.222,.541
Cody Martin,.628,.440,.101,.019,.068,.372,.546,.681,.238,.000,.286,.234
Jeremiah Martin,.660,.340,.170,.094,.057,.340,.543,.722,.444,.400,.000,.278
Kelan Martin,.470,.182,.160,.088,.039,.530,.541,.727,.414,.625,.000,.260
Frank Mason III,.588,.275,.196,.039,.078,.412,.567,.643,.400,1.000,.500,.286
Garrison Mathews,.179,.018,.054,.054,.054,.821,.500,1.000,.333,.333,.667,.413
Wesley Matthews,.296,.130,.081,.052,.033,.704,.472,.691,.235,.409,.286,.364
Player,2P,0-3,3-10,10-16,16-3P,3P,2P,0-3,3-10,10-16,16-3P,3P
Luc Mbah a Moute,.600,.600,.000,.000,.000,.400,.667,.667,,,,.000
Patrick McCaw,.562,.315,.142,.062,.043,.438,.484,.549,.348,.400,.571,.324
CJ McCollum,.622,.172,.161,.150,.139,.378,.494,.597,.381,.490,.503,.379
T.J. McConnell,.959,.326,.243,.282,.107,.041,.525,.604,.570,.483,.295,.294
Jalen McDaniels,.657,.357,.214,.071,.014,.343,.522,.600,.400,.400,1.000,.375
Doug McDermott,.463,.258,.086,.038,.080,.537,.549,.681,.511,.286,.295,.435
JaVale McGee,.980,.686,.239,.049,.007,.020,.640,.743,.384,.467,.500,.500
Rodney McGruder,.508,.204,.232,.066,.006,.492,.522,.676,.429,.417,.000,.270
Alfonzo McKinnie,.620,.363,.181,.041,.035,.380,.557,.694,.387,.571,.000,.215
Jordan McLaughlin,.573,.365,.185,.017,.006,.427,.569,.646,.394,1.000,.000,.382
Ben McLemore,.171,.136,.031,.004,.000,.829,.656,.743,.235,1.000,,.400
Jordan McRae,.656,.194,.169,.148,.145,.344,.433,.620,.355,.333,.377,.357
Jordan McRae,.666,.186,.170,.148,.161,.334,.441,.678,.352,.319,.373,.377
Jordan McRae,.333,.167,.000,.000,.167,.667,.000,.000,,,.000,.500
Jordan McRae,.628,.256,.186,.163,.023,.372,.407,.364,.375,.429,1.000,.188
Nicolò Melli,.362,.152,.099,.065,.046,.638,.573,.755,.406,.476,.467,.335
De'Anthony Melton,.651,.274,.177,.077,.122,.349,.464,.627,.394,.323,.286,.286
Chimezie Metu,.952,.405,.238,.095,.214,.048,.600,.765,.500,.500,.444,.000
Khris Middleton,.626,.127,.129,.199,.172,.374,.546,.700,.451,.505,.552,.415
Eric Mika,1.000,.667,.000,.333,.000,.000,.667,.500,,1.000,,
C.J. Miles,.407,.169,.153,.017,.068,.593,.333,.500,.222,.000,.250,.314
Malcolm Miller,.241,.103,.103,.000,.034,.759,.571,.667,.333,,1.000,.364
Patty Mills,.326,.117,.042,.040,.127,.674,.533,.686,.520,.375,.447,.382
Player,2P,0-3,3-10,10-16,16-3P,3P,2P,0-3,3-10,10-16,16-3P,3P
Paul Millsap,.717,.340,.247,.098,.032,.283,.500,.671,.315,.419,.357,.435
Shake Milton,.513,.220,.155,.108,.029,.487,.535,.672,.442,.433,.375,.430
Donovan Mitchell,.648,.169,.229,.134,.115,.352,.494,.626,.414,.489,.465,.366
Naz Mitrou-Long,.294,.059,.059,.176,.000,.706,.800,1.000,.000,1.000,,.167
Adam Mokoka,.464,.429,.000,.000,.036,.536,.462,.500,,,.000,.400
Malik Monk,.582,.287,.203,.061,.031,.418,.542,.671,.424,.400,.400,.284
Matt Mooney,.500,.000,.000,.250,.250,.500,.500,,,1.000,.000,.000
E'Twaun Moore,.618,.167,.243,.130,.078,.382,.456,.685,.443,.263,.324,.377
Ja Morant,.809,.396,.248,.126,.039,.191,.511,.606,.409,.466,.324,.335
Juwan Morgan,.692,.654,.038,.000,.000,.308,.667,.647,1.000,,,.375
Marcus Morris,.570,.089,.128,.172,.181,.430,.461,.583,.356,.504,.435,.408
Marcus Morris,.585,.090,.138,.168,.189,.415,.444,.561,.341,.486,.425,.439
Marcus Morris,.517,.086,.092,.184,.155,.483,.533,.667,.438,.563,.481,.310
Markieff Morris,.502,.194,.151,.127,.031,.498,.500,.674,.420,.328,.500,.386
Markieff Morris,.514,.195,.157,.129,.033,.486,.500,.671,.443,.320,.462,.397
Markieff Morris,.435,.188,.116,.116,.014,.565,.500,.692,.250,.375,1.000,.333
Monte Morris,.696,.193,.187,.171,.145,.304,.495,.716,.330,.381,.549,.378
Johnathan Motley,.933,.733,.200,.000,.000,.067,.714,.909,.000,,,1.000
Emmanuel Mudiay,.734,.266,.180,.223,.064,.266,.504,.586,.441,.466,.476,.345
Mychal Mulder,.224,.090,.090,.015,.030,.776,.667,.667,.667,.000,1.000,.308
Dejounte Murray,.826,.284,.171,.199,.171,.174,.481,.591,.330,.496,.431,.369
Jamal Murray,.638,.188,.135,.139,.176,.362,.519,.667,.430,.468,.471,.346
Džanan Musa,.547,.360,.145,.041,.000,.453,.479,.548,.320,.429,,.244
Mike Muscala,.243,.138,.021,.069,.016,.757,.500,.654,.250,.154,1.000,.378
Player,2P,0-3,3-10,10-16,16-3P,3P,2P,0-3,3-10,10-16,16-3P,3P
Svi Mykhailiuk,.296,.173,.094,.017,.012,.704,.425,.571,.184,.286,.400,.404
Abdel Nader,.513,.255,.179,.049,.030,.487,.556,.716,.404,.462,.250,.375
Larry Nance Jr.,.631,.394,.109,.074,.053,.369,.636,.753,.447,.375,.522,.352
Shabazz Napier,.474,.219,.077,.094,.083,.526,.519,.690,.257,.349,.500,.317
Shabazz Napier,.438,.233,.071,.085,.049,.562,.540,.667,.300,.333,.643,.296
Shabazz Napier,.532,.197,.087,.110,.139,.468,.489,.735,.200,.368,.417,.358
Raul Neto,.604,.306,.158,.099,.041,.396,.500,.647,.343,.273,.556,.386
Malik Newman,.500,.000,.000,.000,.500,.500,.000,,,,.000,.000
Georges Niang,.301,.106,.134,.050,.012,.699,.526,.765,.442,.375,.000,.400
Joakim Noah,1.000,.500,.500,.000,.000,.000,.500,.500,.500,,,
Nerlens Noel,.989,.613,.186,.134,.056,.011,.688,.861,.540,.278,.267,.333
Zach Norvell,.333,.000,.083,.083,.167,.667,.000,,.000,.000,.000,.375
Zach Norvell,1.000,.000,.000,.000,1.000,.000,.000,,,,.000,
Zach Norvell,.273,.000,.091,.091,.091,.727,.000,,.000,.000,.000,.375
Jaylen Nowell,.509,.283,.170,.038,.019,.491,.593,.600,.556,.500,1.000,.115
Frank Ntilikina,.589,.201,.078,.117,.192,.411,.444,.567,.346,.282,.453,.321
Kendrick Nunn,.572,.201,.141,.109,.120,.428,.505,.636,.380,.480,.455,.350
Jusuf Nurkić,.908,.495,.303,.073,.037,.092,.525,.685,.394,.125,.250,.200
David Nwaba,.606,.408,.183,.014,.000,.394,.581,.655,.462,.000,,.429
Royce O'Neale,.332,.203,.101,.008,.019,.668,.545,.635,.432,.000,.429,.377
Kyle O'Quinn,.682,.376,.071,.118,.118,.318,.603,.656,.667,.400,.600,.259
Semi Ojeleye,.352,.138,.143,.020,.051,.648,.464,.556,.393,.000,.600,.378
Jahlil Okafor,.981,.593,.346,.037,.006,.019,.629,.781,.411,.333,.000,.333
Elie Okobo,.608,.315,.127,.133,.033,.392,.427,.579,.261,.292,.167,.352
Player,2P,0-3,3-10,10-16,16-3P,3P,2P,0-3,3-10,10-16,16-3P,3P
Josh Okogie,.613,.405,.176,.030,.003,.387,.529,.640,.329,.250,.000,.266
KZ Okpala,.800,.400,.400,.000,.000,.200,.750,1.000,.500,,,.000
Victor Oladipo,.577,.240,.073,.130,.134,.423,.451,.441,.556,.438,.424,.317
Kelly Olynyk,.412,.221,.098,.055,.038,.588,.543,.693,.359,.455,.267,.406
Miye Oni,.406,.188,.125,.063,.031,.594,.385,.500,.250,.000,1.000,.368
Cedi Osman,.473,.269,.125,.057,.021,.527,.497,.604,.355,.371,.308,.383
Kelly Oubre Jr.,.628,.334,.166,.082,.046,.372,.511,.587,.387,.426,.553,.352
Tariq Owens,.600,.200,.200,.000,.200,.400,.333,1.000,.000,,.000,.000
Jeremy Pargo,.682,.273,.136,.136,.136,.318,.533,.833,.000,.667,.333,.429
Jabari Parker,.723,.438,.175,.058,.051,.277,.603,.729,.467,.360,.273,.269
Jabari Parker,.707,.435,.176,.056,.041,.293,.601,.719,.464,.364,.250,.270
Jabari Parker,.889,.472,.167,.083,.167,.111,.625,.824,.500,.333,.333,.250
Chandler Parsons,.222,.056,.111,.000,.056,.778,.250,.000,.500,,.000,.286
Eric Paschall,.798,.330,.220,.100,.148,.202,.550,.725,.411,.422,.453,.287
Anžejs Pasečņiks,.974,.474,.353,.103,.043,.026,.540,.745,.415,.167,.200,.000
Patrick Patterson,.262,.124,.064,.039,.034,.738,.459,.552,.467,.333,.250,.390
Justin Patton,.600,.200,.300,.000,.100,.400,.500,.500,.667,,.000,.250
Chris Paul,.657,.069,.122,.303,.163,.343,.554,.852,.509,.517,.531,.365
Cameron Payne,.574,.191,.132,.147,.103,.426,.462,.538,.556,.400,.286,.517
Elfrid Payton,.843,.407,.268,.105,.064,.157,.482,.575,.407,.348,.429,.203
Gary Payton II,.603,.431,.129,.034,.009,.397,.500,.640,.067,.250,1.000,.283
Norvel Pelle,.979,.813,.146,.021,.000,.021,.532,.564,.429,.000,,.000
Player,2P,0-3,3-10,10-16,16-3P,3P,2P,0-3,3-10,10-16,16-3P,3P
Theo Pinson,.484,.348,.090,.032,.013,.516,.400,.481,.143,.000,1.000,.188
Mason Plumlee,.983,.677,.229,.059,.017,.017,.625,.779,.333,.176,.000,.000
Jakob Poeltl,1.000,.658,.267,.075,.000,.000,.624,.674,.507,.600,,
Vincent Poirier,.944,.444,.222,.139,.139,.056,.471,.563,.500,.000,.600,.500
Shamorie Ponds,.600,.600,.000,.000,.000,.400,.667,.667,,,,.500
Jordan Poole,.472,.129,.094,.086,.163,.528,.392,.523,.426,.349,.293,.279
Kevin Porter Jr.,.625,.295,.121,.105,.105,.375,.506,.718,.353,.295,.295,.335
Michael Porter Jr.,.616,.337,.115,.057,.107,.384,.564,.721,.318,.318,.463,.422
Otto Porter Jr.,.557,.164,.193,.086,.114,.443,.487,.391,.704,.333,.375,.387
Bobby Portis,.683,.212,.211,.114,.146,.317,.493,.616,.484,.388,.407,.358
Kristaps Porziņģis,.568,.191,.124,.180,.072,.432,.484,.725,.302,.387,.403,.352
Dwight Powell,.830,.677,.135,.013,.004,.170,.716,.813,.323,.000,.000,.256
Norman Powell,.543,.331,.137,.032,.043,.457,.575,.662,.451,.368,.462,.399
Taurean Prince,.417,.188,.112,.074,.042,.583,.429,.540,.313,.345,.387,.339
Chasson Randle,.500,.000,.000,.250,.250,.500,.000,,,.000,.000,.000
Julius Randle,.770,.358,.235,.097,.081,.230,.515,.631,.424,.439,.358,.277
Josh Reaves,.778,.556,.000,.222,.000,.222,.429,.600,,.000,,.000
Cam Reddish,.549,.227,.134,.085,.103,.451,.428,.540,.365,.319,.351,.332
J.J. Redick,.371,.067,.055,.060,.189,.629,.453,.595,.343,.368,.462,.453
Naz Reid,.601,.379,.198,.025,.000,.399,.466,.598,.250,.167,,.330
Player,2P,0-3,3-10,10-16,16-3P,3P,2P,0-3,3-10,10-16,16-3P,3P
Josh Richardson,.615,.166,.142,.144,.163,.385,.486,.636,.380,.344,.552,.341
Austin Rivers,.461,.273,.158,.024,.006,.539,.498,.584,.392,.167,.667,.356
Andre Roberson,.517,.379,.103,.034,.000,.483,.333,.455,.000,.000,,.214
Duncan Robinson,.118,.066,.029,.009,.015,.882,.654,.844,.600,.167,.200,.446
Glenn Robinson III,.667,.215,.171,.115,.167,.333,.534,.709,.455,.441,.455,.391
Glenn Robinson III,.665,.197,.170,.124,.174,.335,.522,.680,.465,.460,.443,.400
Glenn Robinson III,.682,.318,.176,.059,.129,.318,.603,.815,.400,.200,.545,.333
Jerome Robinson,.506,.113,.129,.129,.135,.494,.420,.600,.275,.500,.333,.320
Jerome Robinson,.507,.140,.125,.118,.125,.493,.391,.632,.176,.500,.235,.284
Jerome Robinson,.506,.092,.132,.138,.144,.494,.443,.563,.348,.500,.400,.349
Justin Robinson,.583,.000,.083,.000,.500,.417,.286,,1.000,,.167,.600
Mitchell Robinson,1.000,.924,.073,.003,.000,.000,.742,.775,.360,.000,,
Isaiah Roby,1.000,.000,1.000,.000,.000,.000,.000,,.000,,,
Rajon Rondo,.619,.305,.171,.064,.079,.381,.473,.580,.357,.381,.385,.328
Derrick Rose,.805,.301,.252,.145,.106,.195,.535,.665,.458,.468,.438,.306
Terrence Ross,.404,.090,.066,.104,.144,.596,.480,.763,.339,.398,.426,.351
Terry Rozier,.550,.221,.149,.103,.078,.450,.436,.553,.343,.361,.384,.407
Ricky Rubio,.688,.249,.137,.133,.169,.312,.439,.529,.284,.489,.393,.361
D'Angelo Russell,.491,.078,.118,.155,.139,.509,.487,.712,.390,.420,.517,.367
D'Angelo Russell,.494,.068,.124,.159,.143,.506,.487,.767,.380,.396,.549,.374
D'Angelo Russell,.479,.109,.100,.142,.128,.521,.485,.609,.429,.500,.407,.345
Domantas Sabonis,.921,.511,.225,.047,.138,.079,.565,.686,.382,.350,.487,.254
Luka Šamanić,.500,.188,.188,.063,.063,.500,.250,.333,.000,.000,1.000,.375
JaKarr Sampson,.887,.574,.165,.104,.043,.113,.647,.773,.526,.250,.400,.154
Dario Šarić,.563,.320,.141,.037,.065,.437,.568,.669,.395,.500,.486,.357
Tomáš Satoranský,.639,.287,.212,.100,.040,.361,.491,.595,.402,.473,.273,.322
Player,2P,0-3,3-10,10-16,16-3P,3P,2P,0-3,3-10,10-16,16-3P,3P
Admiral Schofield,.337,.152,.109,.054,.022,.663,.516,.571,.400,.600,.500,.311
Dennis Schröder,.663,.227,.121,.174,.141,.337,.513,.639,.444,.440,.456,.385
Mike Scott,.380,.194,.086,.060,.040,.620,.519,.603,.500,.381,.357,.369
Thabo Sefolosha,.407,.253,.066,.033,.055,.593,.595,.826,.167,.333,.200,.278
Collin Sexton,.765,.330,.215,.153,.068,.235,.501,.615,.391,.446,.419,.380
Landry Shamet,.243,.130,.043,.038,.031,.757,.495,.686,.118,.533,.167,.375
Marial Shayok,.500,.083,.083,.083,.250,.500,.167,.000,1.000,.000,.000,.333
Iman Shumpert,.484,.156,.031,.078,.219,.516,.419,.600,.500,.400,.286,.242
Pascal Siakam,.669,.277,.235,.074,.083,.331,.499,.703,.382,.329,.304,.359
Chris Silva,.962,.679,.205,.051,.026,.038,.640,.755,.313,.500,.500,.000
Ben Simmons,.989,.638,.304,.040,.006,.011,.583,.719,.365,.154,.000,.286
Anfernee Simons,.578,.211,.131,.127,.110,.422,.448,.575,.343,.353,.441,.332
Alen Smailagić,.675,.325,.250,.075,.025,.325,.630,.846,.500,.000,1.000,.231
Marcus Smart,.421,.111,.163,.103,.044,.579,.415,.539,.351,.443,.267,.347
Dennis Smith Jr.,.744,.332,.128,.081,.204,.256,.357,.543,.222,.235,.186,.296
Ish Smith,.755,.235,.168,.161,.190,.245,.473,.617,.362,.514,.359,.367
J.R. Smith,.500,.045,.227,.136,.091,.500,.545,1.000,.400,1.000,.000,.091
Zhaire Smith,.727,.545,.000,.091,.091,.273,.375,.500,,.000,.000,.000
Tony Snell,.335,.102,.118,.068,.047,.665,.531,.692,.489,.346,.556,.402
Omari Spellman,.627,.305,.112,.078,.132,.373,.454,.556,.303,.478,.333,.391
Player,2P,0-3,3-10,10-16,16-3P,3P,2P,0-3,3-10,10-16,16-3P,3P
Max Strus,.667,.667,.000,.000,.000,.333,1.000,1.000,,,,.000
Edmond Sumner,.627,.359,.204,.063,.000,.373,.528,.725,.276,.222,,.264
Caleb Swanigan,.957,.617,.191,.106,.043,.043,.622,.724,.444,.400,.500,.000
Caleb Swanigan,1.000,.500,.250,.000,.250,.000,.500,.500,1.000,,.000,
Caleb Swanigan,.953,.628,.186,.116,.023,.047,.634,.741,.375,.400,1.000,.000
Jayson Tatum,.617,.248,.155,.126,.089,.383,.480,.618,.374,.396,.394,.403
Jeff Teague,.761,.303,.297,.123,.039,.239,.457,.574,.407,.317,.368,.368
Jeff Teague,.731,.296,.315,.102,.019,.269,.473,.531,.431,.394,.667,.379
Jeff Teague,.818,.315,.261,.164,.079,.182,.430,.654,.349,.222,.231,.333
Garrett Temple,.342,.172,.055,.060,.056,.658,.473,.584,.375,.286,.424,.329
Daniel Theis,.775,.493,.169,.073,.040,.225,.633,.729,.458,.516,.412,.333
Isaiah Thomas,.556,.066,.157,.185,.148,.444,.405,.536,.299,.392,.476,.413
Khyri Thomas,.176,.000,.059,.059,.059,.824,.000,,.000,.000,.000,.357
Lance Thomas,.435,.087,.087,.130,.130,.565,.400,.500,.500,.000,.667,.308
Matt Thomas,.340,.060,.053,.087,.140,.660,.510,.444,.375,.462,.619,.475
Tristan Thompson,.959,.496,.374,.073,.016,.041,.518,.624,.433,.317,.111,.391
Sindarius Thornwell,.636,.364,.273,.000,.000,.364,.571,.750,.333,,,.500
Matisse Thybulle,.408,.272,.079,.030,.026,.592,.519,.653,.286,.250,.143,.357
Anthony Tolliver,.203,.110,.060,.011,.022,.797,.432,.400,.364,.500,.750,.338
Anthony Tolliver,.239,.154,.060,.009,.017,.761,.464,.444,.429,1.000,.500,.337
Anthony Tolliver,.118,.000,.059,.000,.059,.882,.500,,.000,,1.000,.133
Anthony Tolliver,.146,.042,.063,.021,.021,.854,.286,.000,.333,.000,1.000,.415
Juan Toscano-Anderson,.635,.397,.190,.016,.032,.365,.525,.720,.250,.000,.000,.348
Karl-Anthony Towns,.555,.328,.148,.032,.047,.445,.586,.721,.457,.250,.276,.412
Gary Trent Jr.,.392,.104,.075,.100,.113,.608,.486,.696,.333,.432,.440,.418
Allonzo Trier,.500,.208,.057,.085,.151,.500,.604,.682,.167,.667,.625,.358
P.J. Tucker,.298,.148,.089,.035,.026,.702,.551,.619,.474,.467,.545,.358
Player,2P,0-3,3-10,10-16,16-3P,3P,2P,0-3,3-10,10-16,16-3P,3P
Rayjon Tucker,.605,.209,.209,.163,.023,.395,.654,.778,.556,.571,1.000,.176
Evan Turner,.925,.299,.149,.343,.134,.075,.403,.550,.500,.261,.333,.000
Myles Turner,.574,.221,.152,.107,.094,.426,.540,.677,.483,.540,.309,.344
Jarrod Uthoff,.500,.111,.111,.111,.167,.500,.444,.500,.000,1.000,.333,.333
Jarrod Uthoff,.429,.143,.143,.143,.000,.571,.333,.000,.000,1.000,,.000
Jarrod Uthoff,.545,.091,.091,.091,.273,.455,.500,1.000,.000,1.000,.333,.600
Jonas Valančiūnas,.877,.424,.359,.068,.027,.123,.617,.735,.543,.340,.450,.352
Denzel Valentine,.422,.046,.152,.143,.080,.578,.510,.545,.444,.529,.579,.336
Jarred Vanderbilt,.875,.875,.000,.000,.000,.125,.714,.714,,,,.000
Jarred Vanderbilt,1.000,1.000,.000,.000,.000,.000,.714,.714,,,,
Jarred Vanderbilt,.000,.000,.000,.000,.000,1.000,,,,,,.000
Fred VanVleet,.516,.307,.113,.038,.060,.484,.434,.549,.230,.276,.326,.390
Gabe Vincent,.270,.081,.081,.108,.000,.730,.200,.333,.333,.000,,.222
Noah Vonleh,.837,.511,.315,.000,.011,.163,.636,.723,.517,,.000,.200
Noah Vonleh,.837,.512,.314,.000,.012,.163,.625,.705,.519,,.000,.143
Noah Vonleh,.833,.500,.333,.000,.000,.167,.800,1.000,.500,,,1.000
Nikola Vučević,.720,.235,.270,.131,.084,.280,.531,.675,.487,.430,.425,.339
Dean Wade,.692,.615,.077,.000,.000,.308,.778,.750,1.000,,,.500
Moritz Wagner,.699,.489,.188,.015,.008,.301,.645,.777,.340,.500,.000,.313
Dion Waiters,.525,.293,.071,.040,.121,.475,.500,.586,.286,.750,.333,.319
Dion Waiters,.346,.192,.038,.000,.115,.654,.222,.200,.000,,.333,.471
Dion Waiters,.589,.329,.082,.055,.123,.411,.558,.667,.333,.750,.333,.233
Kemba Walker,.468,.198,.111,.076,.082,.532,.476,.597,.273,.471,.466,.381
Lonnie Walker IV,.717,.317,.188,.090,.123,.283,.434,.584,.313,.281,.341,.406
Tyrone Wallace,.659,.432,.136,.068,.023,.341,.448,.579,.167,.333,.000,.067
Derrick Walton,.385,.077,.000,.154,.154,.615,.533,.667,,.500,.500,.417
Derrick Walton,.417,.083,.000,.167,.167,.583,.533,.667,,.500,.500,.429
Derrick Walton,.000,.000,.000,.000,.000,1.000,,,,,,.333
Brad Wanamaker,.718,.296,.235,.083,.105,.282,.481,.692,.271,.433,.395,.363
T.J. Warren,.773,.275,.171,.216,.112,.227,.575,.759,.465,.488,.455,.403
Player,2P,0-3,3-10,10-16,16-3P,3P,2P,0-3,3-10,10-16,16-3P,3P
P.J. Washington,.610,.324,.250,.024,.012,.390,.507,.660,.340,.214,.429,.374
Yuta Watanabe,.765,.353,.176,.147,.088,.235,.462,.583,.500,.200,.333,.375
Tremont Waters,.510,.143,.184,.122,.061,.490,.400,.714,.222,.167,.667,.167
Paul Watson,.538,.308,.154,.038,.038,.462,.429,.750,.000,.000,.000,.333
Paul Watson,.571,.000,.429,.000,.143,.429,.000,,.000,,.000,.000
Paul Watson,.526,.421,.053,.053,.000,.474,.600,.750,.000,.000,,.444
Quinndary Weatherspoon,.706,.353,.176,.059,.118,.294,.333,.333,.667,.000,.000,.200
Russell Westbrook,.834,.415,.142,.130,.148,.166,.514,.640,.363,.404,.402,.258
Coby White,.525,.258,.106,.054,.107,.475,.430,.529,.321,.372,.329,.354
Derrick White,.609,.254,.192,.094,.069,.391,.518,.600,.528,.385,.368,.366
Hassan Whiteside,.990,.558,.259,.108,.064,.010,.622,.740,.511,.395,.422,.571
Andrew Wiggins,.658,.251,.212,.102,.094,.342,.506,.686,.454,.330,.337,.332
Andrew Wiggins,.652,.253,.214,.103,.082,.348,.505,.685,.456,.284,.354,.331
Andrew Wiggins,.686,.239,.202,.101,.144,.314,.512,.689,.447,.526,.296,.339
Grant Williams,.545,.265,.190,.071,.019,.455,.548,.661,.550,.267,.000,.250
Johnathan Williams,.941,.412,.265,.118,.147,.059,.594,.857,.556,.000,.400,.000
Kenrich Williams,.340,.259,.048,.014,.020,.660,.520,.553,.429,.500,.333,.258
Lou Williams,.663,.193,.183,.145,.142,.337,.451,.575,.409,.368,.421,.352
Marvin Williams,.416,.139,.195,.060,.022,.584,.568,.838,.481,.375,.167,.359
Marvin Williams,.443,.129,.224,.062,.029,.557,.538,.852,.489,.231,.167,.376
Marvin Williams,.316,.175,.088,.053,.000,.684,.722,.800,.400,1.000,,.308
Robert Williams,1.000,.784,.136,.023,.057,.000,.727,.797,.417,1.000,.400,
Nigel Williams-Goss,.563,.000,.438,.063,.063,.438,.333,,.429,.000,.000,.286
Zion Williamson,.961,.744,.183,.022,.011,.039,.590,.668,.333,.375,.000,.429
D.J. Wilson,.447,.227,.106,.053,.061,.553,.576,.767,.357,.286,.500,.247
Justise Winslow,.791,.256,.372,.085,.078,.209,.431,.606,.354,.455,.200,.222
Player,2P,0-3,3-10,10-16,16-3P,3P,2P,0-3,3-10,10-16,16-3P,3P
Christian Wood,.724,.409,.234,.041,.039,.276,.636,.793,.445,.381,.400,.386
Delon Wright,.691,.370,.265,.032,.024,.309,.504,.645,.349,.385,.200,.370
Justin Wright-Foreman,.500,.100,.200,.150,.050,.500,.500,.500,.500,.333,1.000,.200
Thaddeus Young,.631,.329,.250,.023,.028,.369,.501,.601,.413,.214,.353,.356
Trae Young,.545,.183,.167,.146,.050,.455,.501,.596,.452,.467,.413,.361
Cody Zeller,.843,.570,.242,.027,.004,.157,.577,.659,.422,.154,1.000,.240
Tyler Zeller,1.000,.500,.500,.000,.000,.000,.250,.000,.500,,,
Ante Žižić,1.000,.514,.361,.111,.014,.000,.569,.622,.462,.750,.000,
Ivica Zubac,.995,.691,.229,.042,.034,.005,.616,.684,.420,.438,.769,.000
